代码,名称,最新价,涨跌幅,量比,换手率,振幅,涨跌幅_num,量比_num,换手率_num,最新价_num,振幅_num,总评分,技术分,资金分,行业分,所属行业
002230,科大讯飞,45.60,7.8,2.1,3.2,5.8,7.8,2.1,3.2,45.6,5.8,41.0,21.0,2.4,17.6,人工智能
000858,五粮液,145.80,6.5,1.5,1.2,4.1,6.5,1.5,1.2,145.8,4.1,37.2,12.7,7.5,17.0,白酒
603501,韦尔股份,85.30,6.9,1.9,2.5,4.7,6.9,1.9,2.5,85.3,4.7,37.2,18.4,2.4,16.400000000000002,半导体
600036,招商银行,32.45,5.8,1.3,0.9,2.8,5.8,1.3,0.9,32.45,2.8,31.6,9.700000000000001,6.3,15.600000000000001,银行
600887,伊利股份,28.90,5.5,1.4,1.8,3.1,5.5,1.4,1.8,28.9,3.1,30.65,11.3,4.95,14.4,消费
